,가수이름,노래제목
0,정국,Seven (feat. Latto) - Clean Ver.
1,NewJeans,ETA
2,NewJeans,Super Shy
3,박재정,헤어지자 말해요
4,우디 (Woody),사막에서 꽃을 피우듯
5,(여자)아이들,퀸카 (Queencard)
6,전소미,Fast Forward
7,IVE (아이브),I AM
8,Lauv,Steal The Show (From “엘리멘탈”)
9,NewJeans,New Jeans
10,aespa,Spicy
11,임영웅,모래 알갱이
12,LE SSERAFIM (르세라핌),"이브, 프시케 그리고 푸른 수염의 아내"
13,임영웅,사랑은 늘 도망가
14,AKMU (악뮤),Love Lee
15,NewJeans,Hype boy
16,정국,Still With You
17,IVE (아이브),Kitsch
18,임영웅,우리들의 블루스
19,Paul Blanco,Summer (Feat. BE’O (비오))
20,임영웅,다시 만날 수 있을까
21,LE SSERAFIM (르세라핌),UNFORGIVEN (feat. Nile Rodgers)
22,NewJeans,Ditto
23,임영웅,무지개
24,임영웅,이제 나만 믿어요
25,임영웅,London Boy
26,임영웅,아버지
27,NewJeans,Cool With You
28,임영웅,Polaroid
29,STAYC(스테이씨),Bubble
30,임영웅,인생찬가
31,NewJeans,Attention
32,세븐틴 (SEVENTEEN),손오공
33,ITZY (있지),CAKE
34,AKMU (악뮤),후라이의 꿈
35,임영웅,A bientot
36,임영웅,손이 참 곱던 그대
37,NewJeans,OMG
38,임영웅,사랑해 진짜
39,임영웅,연애편지
40,윤하 (YOUNHA),사건의 지평선
41,IVE (아이브),After LIKE
42,V,Love Me Again
43,방탄소년단,Dynamite
44,Charlie Puth,I Don't Think That I Like Her
45,임영웅,보금자리
46,IVE (아이브),LOVE DIVE
47,지수 (JISOO),꽃
48,부석순 (SEVENTEEN),파이팅 해야지 (Feat. 이영지)
49,방탄소년단,Take Two
50,이세계아이돌,KIDDING
51,Charlie Puth,Dangerously
52,탑현,나에게 그대만이
53,임한별,사랑하지 않아서 그랬어
54,"허용별 (허각, 신용재, 임한별)",Happiness
55,DK(디셈버),심(心)
56,STAYC(스테이씨),Teddy Bear
57,성시경,너의 모든 순간
58,NCT DREAM,ISTJ
59,오마이걸 (OH MY GIRL),여름이 들려 (Summer Comes)
60,우효,민들레 (single ver.)
61,방탄소년단,봄날
62,이무진,잠깐 시간 될까
63,멜로망스,사랑인가 봐
64,H1-KEY (하이키),건물 사이에 피어난 장미 (Rose Blossom)
65,케이시 (Kassy),사실말야내가말야그게그러니까말이야
66,NewJeans,ASAP
67,지민,Like Crazy
68,"정국, 방탄소년단",Dreamers [Music from the FIFA World Cup Qatar 2022 Official Soundtrack] (Feat. FIFA Sound)
69,"김연지, DK(디셈버)",미친 사랑의 노래
70,Agust D,사람 Pt.2 (feat. 아이유)
71,NCT DREAM,Candy
72,방탄소년단,Butter
73,FIFTY FIFTY,Cupid
74,허각,물론
75,LE SSERAFIM (르세라핌),ANTIFRAGILE
76,경서,첫 키스에 내 심장은 120BPM
77,IVE (아이브),I WANT
78,제이세라,사랑의 바보
79,V,Rainy Days
80,지아,사랑..그게 뭔데
81,(여자)아이들,Allergy
82,ZEROBASEONE (제로베이스원),In Bloom
83,방탄소년단,Permission to Dance
84,로이킴,"잘 지내자, 우리 (여름날 우리 X 로이킴)"
85,김민석 (멜로망스),취중고백
86,"The Kid LAROI, Justin Bieber",STAY
87,NCT DREAM,Yogurt Shake
88,"경서예지, 전건호",다정히 내 이름을 부르면
89,"j-hope, J. Cole",on the street (with J. Cole)
90,김호중,그중에 그대를 만나
91,#안녕,해요 (2022)
92,NCT DREAM,Broken Melodies
93,Charlie Puth,That's Hilarious
94,Charlie Puth,That’s Not How This Works (feat. Dan + Shay)
95,(여자)아이들,TOMBOY
96,임재현,Heaven(2023)
97,던 (DAWN),빛이 나는 너에게
98,이세계아이돌,LOCKDOWN
99,테이,Monologue
